{
  "id": 904,
  "name": "Full-example",
  "protocol": "JsonSingleReferenceProtocol",
  "description": "This device template covers all the functionality provided by WolkConnect libraries",
  "deviceType": "STANDARD",
  "connectivityType": "MQTT_BROKER",
  "firmwareUpdateType": "DFU",
  "published": false,
  "feeds": [
    {
      "id": 1514,
      "name": "Temperature",
      "reference": "T",
      "description": "",
      "unit": {
        "id": 31,
        "name": "CELSIUS",
        "symbol": "℃",
        "readingTypeId": 2,
        "system": "SI",
        "precision": 1,
        "context": null,
        "inUse": true,
        "readingTypeName": "TEMPERATURE"
      },
      "minimum": -40,
      "maximum": 85,
      "readingType": {
        "id": 2,
        "name": "TEMPERATURE",
        "dataType": "NUMERIC",
        "size": 1,
        "labels": null,
        "iconName": "ico_temperature"
      }
    },
    {
      "id": 1515,
      "name": "Pressure",
      "reference": "P",
      "description": "",
      "unit": {
        "id": 112,
        "name": "MILLIBAR",
        "symbol": "mb",
        "readingTypeId": 3,
        "system": "NON_SI",
        "precision": 1,
        "context": null,
        "inUse": true,
        "readingTypeName": "PRESSURE"
      },
      "minimum": 300,
      "maximum": 1100,
      "readingType": {
        "id": 3,
        "name": "PRESSURE",
        "dataType": "NUMERIC",
        "size": 1,
        "labels": null,
        "iconName": "ico_pressure"
      }
    },
    {
      "id": 1516,
      "name": "Humidity",
      "reference": "H",
      "description": "",
      "unit": {
        "id": 124,
        "name": "HUMIDITY_PERCENT",
        "symbol": "%",
        "readingTypeId": 4,
        "system": "NON_SI",
        "precision": 1,
        "context": null,
        "inUse": true,
        "readingTypeName": "HUMIDITY"
      },
      "minimum": 0,
      "maximum": 100,
      "readingType": {
        "id": 4,
        "name": "HUMIDITY",
        "dataType": "NUMERIC",
        "size": 1,
        "labels": null,
        "iconName": "ico_humidity"
      }
    },
    {
      "id": 1517,
      "name": "Accelerometer",
      "reference": "ACL",
      "description": "",
      "unit": {
        "id": 24,
        "name": "METRES_PER_SQUARE_SECOND",
        "symbol": "m/s²",
        "readingTypeId": 8,
        "system": "SI",
        "precision": 1,
        "context": null,
        "inUse": true,
        "readingTypeName": "ACCELEROMETER"
      },
      "minimum": 0,
      "maximum": 100,
      "readingType": {
        "id": 8,
        "name": "ACCELEROMETER",
        "dataType": "NUMERIC",
        "size": 3,
        "labels": [
          "x",
          "y",
          "z"
        ],
        "iconName": "ico_accelerometer"
      }
    }
  ],
  "actuators": [
    {
      "id": 800,
      "name": "Switch",
      "reference": "SW",
      "description": "",
      "unit": {
        "id": 145,
        "name": "BOOLEAN(ACTUATOR)",
        "symbol": null,
        "readingTypeId": 31,
        "system": "CUSTOM",
        "precision": 1,
        "context": null,
        "inUse": true,
        "readingTypeName": "SWITCH(ACTUATOR)"
      },
      "minimum": 0,
      "maximum": 1,
      "readingType": {
        "id": 31,
        "name": "SWITCH(ACTUATOR)",
        "dataType": "BOOLEAN",
        "size": 1,
        "labels": null,
        "iconName": "ico_switcher"
      }
    },
    {
      "id": 801,
      "name": "Slider",
      "reference": "SL",
      "description": "",
      "unit": {
        "id": 141,
        "name": "COUNT(ACTUATOR)",
        "symbol": "count",
        "readingTypeId": 13,
        "system": "CUSTOM",
        "precision": 1,
        "context": null,
        "inUse": true,
        "readingTypeName": "COUNT(ACTUATOR)"
      },
      "minimum": 0,
      "maximum": 100,
      "readingType": {
        "id": 13,
        "name": "COUNT(ACTUATOR)",
        "dataType": "NUMERIC",
        "size": 1,
        "labels": null,
        "iconName": "ico_slider"
      }
    }
  ],
  "alarms": [
    {
      "id": 218,
      "name": "High Humidity",
      "description": "This alarm will trigger if humidity is over a certain threshold",
      "message": "High Humidity has been detected",
      "severity": "ALERT",
      "reference": "HH"
    }
  ],
  "configs": [
    {
      "id": 401,
      "name": "configuration_1",
      "reference": "config_1",
      "defaultValue": "",
      "nullValue": null,
      "description": null,
      "minimum": 0,
      "maximum": 100,
      "dataType": "NUMERIC",
      "size": 1,
      "labels": null
    },
    {
      "id": 402,
      "name": "configuration_2",
      "reference": "config_2",
      "defaultValue": "",
      "nullValue": null,
      "description": null,
      "minimum": null,
      "maximum": null,
      "dataType": "BOOLEAN",
      "size": 1,
      "labels": null
    },
    {
      "id": 403,
      "name": "configuration_3",
      "reference": "config_3",
      "defaultValue": "",
      "nullValue": null,
      "description": null,
      "minimum": null,
      "maximum": null,
      "dataType": "STRING",
      "size": 1,
      "labels": null
    },
    {
      "id": 404,
      "name": "configuration_4",
      "reference": "config_4",
      "defaultValue": "",
      "nullValue": null,
      "description": null,
      "minimum": null,
      "maximum": null,
      "dataType": "STRING",
      "size": 3,
      "labels": [
        "a",
        "b",
        "c"
      ]
    }
  ],
  "generallyAvailable": false
}