{
  "id": 883,
  "name": "Simple-example",
  "protocol": "JsonSingleReferenceProtocol",
  "description": "A minimal template with one sensor",
  "deviceType": "STANDARD",
  "connectivityType": "MQTT_BROKER",
  "published": false,
  "feeds": [
    {
      "id": 1472,
      "name": "Temperature",
      "reference": "T",
      "description": "",
      "unit": {
        "id": 31,
        "name": "CELSIUS",
        "symbol": "℃",
        "readingTypeId": 2,
        "system": "SI",
        "precision": 1,
        "context": null,
        "inUse": true,
        "readingTypeName": "TEMPERATURE"
      },
      "minimum": -20,
      "maximum": 80,
      "readingType": {
        "id": 2,
        "name": "TEMPERATURE",
        "dataType": "NUMERIC",
        "size": 1,
        "labels": null,
        "iconName": "ico_temperature"
      }
    }
  ],
  "actuators": [],
  "alarms": [],
  "configs": [],
  "generallyAvailable": false
}